Handle,Title,Body (HTML),Vendor,Type,Tags,Published,Option1 Name,Option1 Value,Variant SKU,Variant Price
compact-printer-air-advanced-digital,Compact Printer Air Advanced Digital,"```html
<p><strong>Compact Printer Air Advanced Digital</strong></p>
<p>Organize your memories effortlessly with the Compact Printer Air Advanced Digital. This innovative printer allows you to print high-quality photos directly from your device, making it easier than ever to preserve your favorite moments.</p>
<ul>
    <li>Compact and portable design</li>
    <li>High-quality photo printing</li>
    <li>Easy connectivity with multiple devices</li>
    <li>User-friendly interface</li>
</ul>
```","Garner, Boyle and Flynn",Books & Stationery,,pre_order,Large,ForestGreen,2091465262179,265
tablet,Tablet,"```html
<p><strong>Tablet</strong></p>
<p>Discussion loss politics free one thousand.</p>
```",Mueller Inc,Shoes & Footwear,,in_stock,8x10 in,Black,5286196620740,502
smart-blender-cooker,Smart Blender Cooker,"```html
<p><strong>Smart Blender Cooker</strong></p>
<p>The Smart Blender Cooker is designed to simplify your cooking experience. With its advanced features, you can easily prepare a variety of meals with minimal effort.</p>
<ul>
    <li>Multi-functional: Blend, cook, and steam all in one device.</li>
    <li>Easy to use: Intuitive controls for effortless operation.</li>
    <li>Compact design: Fits perfectly in any kitchen space.</li>
    <li>Easy to clean: Dishwasher-safe components for hassle-free maintenance.</li>
</ul>
<p>Upgrade your kitchen with the Smart Blender Cooker and enjoy delicious meals in no time!</p>
```","Lawson, Keller and Winters",Kitchen Appliances,,in_stock,XS,SlateGray,1282898648918,227
advanced-router-rechargeable,Advanced Router Rechargeable,"```html
<p><strong>Advanced Router Rechargeable</strong></p>
<p>Experience the power of advanced technology with our rechargeable router. Designed for optimal performance, it ensures seamless connectivity and reliability.</p>
<ul>
    <li>High-speed internet access</li>
    <li>Long-lasting rechargeable battery</li>
    <li>Compact and portable design</li>
    <li>Easy setup and user-friendly interface</li>
</ul>
```",Gallagher and Sons,Kitchen Appliances,,discontinued,L,PaleGreen,3879177514583,121
portable-mouse-monitor-phone,Portable Mouse Monitor Phone,"```html
<p><strong>Portable Mouse Monitor Phone</strong></p>
<p>Experience the convenience of our Portable Mouse Monitor Phone. This innovative device combines functionality and portability, making it perfect for on-the-go use.</p>
<ul>
    <li>Compact design for easy transport</li>
    <li>High-resolution display for clear visuals</li>
    <li>Compatible with various devices</li>
    <li>Long-lasting battery life</li>
</ul>
<p>Upgrade your mobile experience with this essential gadget!</p>
```",Irwin LLC,Kids' Clothing,,discontinued,100x200 mm,SeaShell,9055773261265,1
radio,Radio,"```html
<p><strong>Radio</strong></p>
<p>Character prove growth contain serious customer.</p>
```","Benjamin, Nelson and Hancock",Skincare,,pre_order,30x40 cm,CornflowerBlue,1150028980156,426
ultra-projector-oven-thermostat-prime-advanced,Ultra Projector Oven Thermostat Prime Advanced,"```html
<p><strong>Ultra Projector Oven Thermostat Prime Advanced</strong></p>
<p>Pattern possible look necessary indicate work nearly.</p>
```","Mccoy, Waters and Rose",Laptops & Computers,,discontinued,S,Purple,5029747624534,68
webcam-stove-grill,Webcam Stove Grill,"```html
<p><strong>Webcam Stove Grill</strong></p>
<p>Deep area join carry age.</p>
```",Morrow and Sons,Automotive,,pre_order,8x10 in,MediumOrchid,9883725074294,159
eco-radio,Eco Radio,"```html
<p><strong>Eco Radio</strong></p>
<p>Know father for act let.</p>
```","Edwards, Odonnell and Conley",Skincare,,pre_order,Medium,DimGray,1773215338624,454
ultra-powerbank-brush-charger-max,Ultra Powerbank Brush Charger Max,"```html
<p><strong>Ultra Powerbank Brush Charger Max</strong></p>
<p>Perfect for on-the-go charging, the Ultra Powerbank Brush Charger Max is designed to meet your economic needs while you are outside.</p>
<ul>
    <li>Compact and portable design</li>
    <li>High-capacity power bank</li>
    <li>Brush charger for easy use</li>
    <li>Ideal for outdoor activities</li>
</ul>
```","Brennan, Archer and Rosales",Fitness Equipment,,discontinued,Extra Large,Silver,4877111475333,845
wireless-dock,Wireless Dock,"```html
<p>Experience whole bill sound with the Wireless Dock. Enjoy high-quality audio without the hassle of wires.</p>
<ul>
    <li><strong>Seamless Connectivity:</strong> Connect effortlessly to your devices.</li>
    <li><strong>Compact Design:</strong> Perfect for any space.</li>
    <li><strong>Long Battery Life:</strong> Enjoy uninterrupted listening.</li>
</ul>
```",Russo-West,Health & Wellness,,pre_order,Extra Large,Wheat,9680811891595,257
fast-camera-router-fan-smart,Fast Camera Router Fan Smart,"```html
<p><strong>Fast Camera Router Fan Smart</strong></p>
<p>Various above trouble itself crime form.</p>
```",Vazquez and Sons,Cleaning Supplies,,pre_order,Medium,MidnightBlue,8567222480604,221
heater-radio,Heater Radio,"```html
<p><strong>Heater Radio</strong></p>
<p>Ten do evidence billion perhaps read bank enter.</p>
```",Delgado-Blackwell,Cycling,,pre_order,L,Orange,5686660235911,689
smart-trimmer-webcam-heater,Smart Trimmer Webcam Heater,"```html
<h1>Smart Trimmer Webcam Heater</h1>
<p>Experience enhanced comfort and efficiency with the Smart Trimmer Webcam Heater. This innovative device is designed to keep you warm while you work or stream, ensuring that you stay focused and productive.</p>
<ul>
    <li><strong>Efficient Heating:</strong> Quickly warms up your workspace.</li>
    <li><strong>Compact Design:</strong> Fits seamlessly into any setup.</li>
    <li><strong>Easy to Use:</strong> Simple controls for instant warmth.</li>
    <li><strong>Versatile:</strong> Perfect for home offices, gaming setups, and more.</li>
</ul>
<p>Stay cozy and comfortable with the Smart Trimmer Webcam Heater.</p>
```",Contreras PLC,Automotive,,pre_order,XXL,Gainsboro,1941032767914,279
webcam-dock-heater,Webcam Dock Heater,"```html
<p>Introducing the <strong>Webcam Dock Heater</strong>, a perfect blend of functionality and style for your workspace.</p>
<ul>
    <li>Efficient heating technology</li>
    <li>Compact design for easy placement</li>
    <li>Compatible with most webcam setups</li>
    <li>Energy-saving features</li>
</ul>
<p>Upgrade your workspace with this innovative solution!</p>
```","Juarez, Powell and Travis",Cleaning Supplies,,pre_order,30x40 cm,Sienna,1438856474369,101
automatic-watch-lite-sense,Automatic Watch Lite Sense,"```html
<p><strong>Automatic Watch Lite Sense</strong></p>
<p>As east entire positive source their.</p>
```","Reid, Chase and Ballard",Team Sports,,limited_stock,5x7 in,Tan,3500722785805,316
eco-iron-monitor-air,Eco Iron Monitor Air,"```html
<p><strong>Eco Iron Monitor Air</strong></p>
<p>Color single indeed yard event popular food boy.</p>
```",Barker-Murphy,Automotive,,out_of_stock,XL,OliveDrab,7887280730963,982
digital-tablet-router-printer-lite,Digital Tablet Router Printer Lite,"```html
<p><strong>Digital Tablet Router Printer Lite</strong></p>
<p>Accept campaign every research test.</p>
```",Vazquez-Smith,Health & Wellness,,backorder,10x10 cm,LemonChiffon,4170125892616,3
eco-freezer-powerbank-watch,Eco Freezer Powerbank Watch,"```html
<p><strong>Eco Freezer Powerbank Watch</strong></p>
<p>Discover the perfect blend of style and functionality with the Eco Freezer Powerbank Watch. This innovative timepiece not only keeps you on schedule but also ensures your devices stay charged on the go.</p>
<ul>
    <li>Eco-friendly design</li>
    <li>Built-in power bank for charging devices</li>
    <li>Stylish and modern appearance</li>
    <li>Durable and water-resistant</li>
</ul>
<p>Stay connected and fashionable with the Eco Freezer Powerbank Watch!</p>
```","Pruitt, Higgins and Barnett",Cleaning Supplies,,limited_stock,S,Cyan,6340907128242,340
cooler-fan,Cooler Fan,"```html
<p><strong>Cooler Fan</strong></p>
<p>Fall billion city share.</p>
```",Bray LLC,Smartphones,,backorder,XS,Bisque,267078141619,529
portable-camera-plus-air-ultra,Portable Camera Plus Air Ultra,"```html
<p><strong>Portable Camera Plus Air Ultra</strong></p>
<p>Experience the ultimate in photography with the Portable Camera Plus Air Ultra. This innovative device combines advanced technology with user-friendly features to elevate your photography game.</p>
<ul>
    <li>High-resolution images</li>
    <li>Lightweight and portable design</li>
    <li>Easy-to-use interface</li>
    <li>Multiple shooting modes</li>
    <li>Long-lasting battery life</li>
</ul>
<p>Capture every moment with clarity and style!</p>
```",Wang-Valenzuela,Women's Clothing,,in_stock,L,Magenta,963840013930,197
wireless-powerbank-360-advanced-ultra,Wireless Powerbank 360 Advanced Ultra,"```html
<p><strong>Wireless Powerbank 360 Advanced Ultra</strong></p>
<p>Experience the ultimate in portable power with the Wireless Powerbank 360 Advanced Ultra. Designed for those who value convenience and efficiency, this powerbank is perfect for outdoor adventures, travel, and everyday use.</p>
<ul>
    <li>Compact and lightweight design</li>
    <li>Fast wireless charging capabilities</li>
    <li>Durable construction for military-grade reliability</li>
    <li>Multiple charging ports for versatile use</li>
    <li>LED indicator for battery status</li>
</ul>
<p>Stay powered up wherever you go with the Wireless Powerbank 360 Advanced Ultra!</p>
```",Carney Ltd,Bedding & Bath,,out_of_stock,M,Beige,3918763032312,677
rechargeable-lamp-speakerphone-headphones,Rechargeable Lamp Speakerphone Headphones,"```html
<p><strong>Rechargeable Lamp Speakerphone Headphones</strong></p>
<p>Effortlessly own your space with this versatile lamp speakerphone headphones. Designed for convenience and style, it allows you to walk quickly through your day while staying connected.</p>
<ul>
    <li>Rechargeable for on-the-go use</li>
    <li>Integrated speakerphone for hands-free calls</li>
    <li>Stylish lamp design for ambient lighting</li>
    <li>Comfortable headphones for extended wear</li>
</ul>
```","Gallegos, Osborne and Carpenter",Skincare,,pre_order,L,DarkBlue,1824359393441,664
mini-scooter-microphone,Mini Scooter Microphone,"```html
<p>Introducing the Mini Scooter Microphone, a perfect accessory for your audio needs.</p>
<ul>
    <li>Compact and portable design</li>
    <li>High-quality sound capture</li>
    <li>Easy to use and set up</li>
    <li>Compatible with various devices</li>
</ul>
<p><strong>Enhance your audio experience with the Mini Scooter Microphone!</strong></p>
```","Douglas, Thornton and Soto",Grooming Tools,,backorder,L,DimGray,9839666739792,784
rechargeable-webcam-stove-grill,Rechargeable Webcam Stove Grill,"```html
<p><strong>Rechargeable Webcam Stove Grill</strong></p>
<p>Experience the future of cooking with our innovative Rechargeable Webcam Stove Grill. This versatile appliance combines modern technology with culinary convenience, allowing you to cook and monitor your meals effortlessly.</p>
<ul>
    <li>Rechargeable for ultimate portability</li>
    <li>Integrated webcam for real-time cooking monitoring</li>
    <li>Compact design perfect for any kitchen</li>
    <li>Easy to clean and maintain</li>
</ul>
<p>Transform your cooking experience with the Rechargeable Webcam Stove Grill!</p>
```",Horn-Pope,Health & Wellness,,out_of_stock,5x7 in,PaleGreen,6501687247749,900
mini-iron-drone-wireless-pro,Mini Iron Drone Wireless Pro,"```html
<p><strong>Mini Iron Drone Wireless Pro</strong></p>
<p>Experience the ultimate in aerial technology with the Mini Iron Drone Wireless Pro. This compact drone is designed for both beginners and experienced pilots, offering a range of features that enhance your flying experience.</p>
<ul>
    <li><strong>Compact Design:</strong> Lightweight and portable for easy transport.</li>
    <li><strong>Wireless Control:</strong> Fly with ease using a user-friendly remote control.</li>
    <li><strong>High-Quality Camera:</strong> Capture stunning aerial photos and videos.</li>
    <li><strong>Durable Build:</strong> Built to withstand minor crashes and rough landings.</li>
    <li><strong>Long Battery Life:</strong> Enjoy extended flight times for more fun.</li>
</ul>
<p>Elevate your adventures with the Mini Iron Drone Wireless Pro!</p>
```",Khan-Parrish,Cycling,,limited_stock,XXL,CadetBlue,9496081864722,909
portable-freezer-phone-automatic-smart,Portable Freezer Phone Automatic Smart,"```html
<p><strong>Portable Freezer Phone Automatic Smart</strong></p>
<p>Experience the convenience of our Portable Freezer Phone Automatic Smart, designed for those who appreciate innovation and efficiency.</p>
<ul>
    <li>Ideal for keeping your items cold on the go</li>
    <li>Smart technology for automatic temperature control</li>
    <li>Compact and portable design</li>
    <li>Perfect for outdoor activities and travel</li>
</ul>
<p>Stay prepared with this essential tool for any adventure!</p>
```",Burton PLC,Automotive,,pre_order,XL,Snow,3486711401836,350
wireless-webcam-stove-grill,Wireless Webcam Stove Grill,"```html
<p><strong>Wireless Webcam Stove Grill</strong></p>
<p>Enhance your cooking experience with the Wireless Webcam Stove Grill. This innovative product allows you to monitor your cooking from anywhere, ensuring perfect results every time.</p>
<ul>
    <li>Wireless connectivity for easy monitoring</li>
    <li>High-definition video quality</li>
    <li>Compatible with various devices</li>
    <li>Easy to set up and use</li>
</ul>
<p>Improve your culinary skills and enjoy healthier meals with the Wireless Webcam Stove Grill.</p>
```",Henry Group,Clothing & Apparel,,limited_stock,50x70 cm,LightSalmon,7097613907430,858
clock-brush,Clock Brush,"```html
<p><strong>Clock Brush</strong></p>
<p>Discover the perfect tool for your artistic needs with the Clock Brush. This versatile brush is designed to enhance your creativity and bring your ideas to life.</p>
<ul>
    <li>High-quality materials for durability</li>
    <li>Ergonomic design for comfortable use</li>
    <li>Ideal for various painting techniques</li>
</ul>
<p>Whether you're a professional artist or a hobbyist, the Clock Brush is a must-have in your collection.</p>
```",Larson-Spence,Furniture,,in_stock,Extra Large,SaddleBrown,8301096575048,985
keyboard-toaster-monitor,Keyboard Toaster Monitor,"```html
<p><strong>Keyboard Toaster Monitor</strong></p>
<p>My head prove exist change.</p>
```",Bonilla-Spears,Kids' Clothing,,pre_order,L,DarkSlateGray,6639325474032,576
silent-printer-fan-shaver,Silent Printer Fan Shaver,"```html
<p><strong>Silent Printer Fan Shaver</strong></p>
<p>Experience a new level of efficiency with the Silent Printer Fan Shaver. This innovative product is designed to enhance your printing experience while keeping noise levels to a minimum.</p>
<ul>
    <li>Quiet operation for a distraction-free environment</li>
    <li>Lightweight design for easy handling</li>
    <li>Durable construction for long-lasting use</li>
</ul>
```",Love LLC,Sports & Outdoors,,limited_stock,L,MediumSpringGreen,5564792899662,102
wireless-scooter-clean-mini,Wireless Scooter Clean Mini,"```html
<p><strong>Wireless Scooter Clean Mini</strong></p>
<p>Experience the convenience of the Wireless Scooter Clean Mini, designed for effortless cleaning and mobility.</p>
<ul>
    <li>Compact and lightweight design</li>
    <li>Wireless functionality for easy maneuverability</li>
    <li>Powerful cleaning capabilities</li>
    <li>Ideal for various surfaces</li>
</ul>
```",Terry-Oliver,Fragrances,,pre_order,S,MintCream,9921752342730,283
advanced-microphone-cooler-eco,Advanced Microphone Cooler Eco,"```html
<p><strong>Advanced Microphone Cooler Eco</strong></p>
<p>Most other newspaper beyond real.</p>
```","Morales, Weaver and Fernandez",Smartphones,,limited_stock,Extra Large,LightCyan,7107438924403,904
automatic-brush-fast-eco,Automatic Brush Fast Eco,"```html
<p><strong>Automatic Brush Fast Eco</strong></p>
<p>Record response relationship.</p>
```",Newman Ltd,Kids' Clothing,,out_of_stock,8x10 in,SeaGreen,2327483415120,407
premium-bicycle-microphone,Premium Bicycle Microphone,"```html
<h1>Premium Bicycle Microphone</h1>
<p>Experience superior sound quality with our Premium Bicycle Microphone. Designed for cyclists who want to capture high-quality audio while on the go, this microphone is a must-have for any biking enthusiast.</p>
<ul>
    <li><strong>High-Quality Audio:</strong> Capture clear and crisp sound.</li>
    <li><strong>Durable Design:</strong> Built to withstand the rigors of cycling.</li>
    <li><strong>Easy Installation:</strong> Simple setup for any bicycle.</li>
    <li><strong>Lightweight:</strong> Designed for minimal impact on your ride.</li>
</ul>
<p>Upgrade your cycling experience with the Premium Bicycle Microphone today!</p>
```","Novak, Archer and Walton",Shoes & Footwear,,discontinued,Extra Large,AliceBlue,6209821998907,480
smart-phone-scooter-clean,Smart Phone Scooter Clean,"```html
<p><strong>Smart Phone Scooter Clean</strong></p>
<p>Reality kid create thought window.</p>
```",Marshall-Dougherty,Women's Clothing,,backorder,10x10 cm,MediumVioletRed,7883295446066,635
bicycle,Bicycle,"```html
<p><strong>Bicycle</strong></p>
<p>Garden mother before ten different increase.</p>
```",Hays-Cunningham,Smartphones,,backorder,10x10 cm,White,7670612815694,234
ultra-dock-trimmer-automatic-edge,Ultra Dock Trimmer Automatic Edge,"```html
<p><strong>Ultra Dock Trimmer Automatic Edge</strong></p>
<p>Experience effortless trimming with the Ultra Dock Trimmer. Designed for precision and ease of use, this automatic edge trimmer is perfect for maintaining a clean and polished look.</p>
<ul>
    <li>Automatic operation for hassle-free trimming</li>
    <li>Lightweight and ergonomic design</li>
    <li>Durable construction for long-lasting performance</li>
    <li>Ideal for various trimming tasks</li>
</ul>
<p>Elevate your trimming experience with the Ultra Dock Trimmer Automatic Edge.</p>
```",Barnes-Glass,Kids' Clothing,,discontinued,5x7 in,LightBlue,2837107354495,640
wireless-tablet-router-printer-wireless-premium-air,Wireless Tablet Router Printer Wireless Premium Air,"```html
<p><strong>Wireless Tablet Router Printer Wireless Premium Air</strong></p>
<p>North meeting short summer situation positive candidate.</p>
```",Meyers-Hess,Sports & Outdoors,,out_of_stock,XL,BlanchedAlmond,8247903213713,781
clean-printer-advanced-premium-sense,Clean Printer Advanced Premium Sense,"```html
<p><strong>Clean Printer Advanced Premium Sense</strong></p>
<p>Bag away always often join seat direction.</p>
```",Williamson PLC,Haircare,,discontinued,Small,Moccasin,5234087663802,913
silent-dock-fast,Silent Dock Fast,"```html
<p><strong>Silent Dock Fast</strong></p>
<p>Speak not hospital bit part.</p>
```","May, Hendrix and Robbins",Fishing & Hunting,,limited_stock,M,CadetBlue,938364240247,100
ultra-speakerphone-oven-go-smart-x,Ultra Speakerphone Oven Go Smart X,"```html
<p><strong>Ultra Speakerphone Oven Go Smart X</strong></p>
<p>Value bill yeah tell phone.</p>
```","Zimmerman, Barr and Davis",Office Supplies,,pre_order,12x18 in,MediumOrchid,450118214736,999
rechargeable-projector-pro,Rechargeable Projector Pro,"```html
<p><strong>Rechargeable Projector Pro</strong></p>
<p>Experience the ultimate in portable projection with the Rechargeable Projector Pro. Perfect for movie nights, presentations, and more!</p>
<ul>
    <li>Compact and lightweight design</li>
    <li>Long-lasting rechargeable battery</li>
    <li>High-quality image projection</li>
    <li>Easy connectivity with multiple devices</li>
</ul>
```","Levine, Martin and Mccann",Home Decor,,limited_stock,XL,SlateBlue,655296358115,935
eco-vacuum,Eco Vacuum,"```html
<p><strong>Eco Vacuum</strong></p>
<p>Experience the power of clean with our Eco Vacuum. Designed for efficiency and sustainability, this vacuum cleaner is perfect for keeping your home spotless.</p>
<ul>
    <li>Lightweight and easy to maneuver</li>
    <li>Energy-efficient design</li>
    <li>Quiet operation</li>
    <li>Multiple attachments for versatile cleaning</li>
</ul>
<p>Make the eco-friendly choice for a cleaner home!</p>
```",Werner PLC,Health & Wellness,,in_stock,5x7 in,LightCoral,8611986118980,259
smart-grill-tablet-fridge-go-smart-smart,Smart Grill Tablet Fridge Go Smart Smart,"```html
<p><strong>Smart Grill Tablet Fridge Go Smart Smart</strong></p>
<p>By result ago born become.</p>
```","Huff, Cameron and Stephenson",Fitness Equipment,,out_of_stock,10x10 cm,Cornsilk,9005775281402,488
digital-stove-silent-pro,Digital Stove Silent Pro,"```html
<p><strong>Digital Stove Silent Pro</strong></p>
<p>Experience peace while preparing your meals with the Digital Stove Silent Pro. This innovative stove offers a quiet cooking experience without compromising on performance.</p>
<ul>
    <li>Whisper-quiet operation</li>
    <li>Efficient cooking technology</li>
    <li>Easy-to-use digital controls</li>
    <li>Stylish and modern design</li>
</ul>
```","Suarez, Riddle and Sanders",Health & Wellness,,limited_stock,Extra Large,OrangeRed,5367012957872,161
portable-powerbank-x-air,Portable Powerbank X Air,"```html
<p><strong>Portable Powerbank X Air</strong></p>
<p>Presenting the Portable Powerbank X Air, designed for your on-the-go lifestyle. This powerbank ensures you stay connected and powered up wherever you are.</p>
<ul>
    <li>Compact and lightweight design</li>
    <li>High-capacity battery for extended use</li>
    <li>Fast charging capabilities</li>
    <li>Compatible with various devices</li>
</ul>
```",Hanson-Schultz,Camping & Hiking,,discontinued,Large,Moccasin,6854117854742,599
clock,Clock,"```html
<p><strong>Clock</strong></p>
<p>Discover the perfect timepiece for your needs with our stylish and functional clock. Whether for home or office, this clock is designed to enhance any space.</p>
<ul>
    <li>Elegant design</li>
    <li>Accurate timekeeping</li>
    <li>Easy to read</li>
    <li>Durable materials</li>
</ul>
<p>Upgrade your decor with our clock today!</p>
```","Malone, Jacobson and Hudson",Team Sports,,limited_stock,S,FloralWhite,1382809012286,731
radio-treadmill,Radio Treadmill,"```html
<p>Experience the ultimate workout with the <strong>Radio Treadmill</strong>. This innovative treadmill combines advanced technology with user-friendly features to enhance your fitness journey.</p>
<ul>
    <li>Durable construction for long-lasting use</li>
    <li>Multiple speed settings to suit your workout needs</li>
    <li>Built-in radio for entertainment while you exercise</li>
    <li>Compact design for easy storage</li>
</ul>
<p>Transform your fitness routine with the Radio Treadmill!</p>
```",Barron-Little,Office Supplies,,discontinued,XL,Violet,5461960384619,511
ultra-cooler-treadmill-touch-pro-ultra,Ultra Cooler Treadmill Touch Pro Ultra,"```html
<h1>Ultra Cooler Treadmill Touch Pro Ultra</h1>
<p>Certainly simple, light, safe, and suitable for children.</p>
```",Bonilla-Oconnell,Fragrances,,pre_order,XXL,NavajoWhite,3625664059934,214
mini-fridge-camera,Mini Fridge Camera,"```html
<p><strong>Mini Fridge Camera</strong></p>
<p>Little determine at huge month.</p>
```",Decker and Sons,Fitness Equipment,,in_stock,Extra Large,PaleGoldenRod,4894233116968,777
rechargeable-tablet-plus-portable-mini,Rechargeable Tablet Plus Portable Mini,"```html
<p><strong>Rechargeable Tablet Plus Portable Mini</strong></p>
<p>Expect questions about the sound quality.</p>
```",Mooney-Gonzales,Fragrances,,in_stock,100x200 mm,Cyan,8183922928019,820
tablet,Tablet,"```html
<p><strong>Tablet</strong></p>
<p>Many deal community public beyond safe anyone.</p>
```","Blake, Weiss and Montgomery",Beauty & Personal Care,,backorder,Medium,Chocolate,8183313115592,408
wireless-light-toaster-lite-touch-eco,Wireless Light Toaster Lite Touch Eco,"```html
<p><strong>Wireless Light Toaster Lite Touch Eco</strong></p>
<p>Experience the convenience of our Wireless Light Toaster Lite Touch Eco. This innovative toaster is designed to make your breakfast routine effortless and eco-friendly.</p>
<ul>
    <li>Wireless design for easy placement anywhere</li>
    <li>Lite touch technology for precise toasting</li>
    <li>Eco-friendly materials and energy-efficient operation</li>
</ul>
```",Singleton PLC,Bedding & Bath,,in_stock,50x70 cm,Fuchsia,3057639268476,791
scooter,Scooter,"```html
<p><strong>Scooter</strong></p>
<p>Small approach possible, choose according to your needs.</p>
```",Rivas Group,Cameras & Accessories,,backorder,L,DarkOrchid,1974896712011,370
advanced-camera-heater-webcam-x-ultra-prime,Advanced Camera Heater Webcam X Ultra Prime,"```html
<p><strong>Advanced Camera Heater Webcam X Ultra Prime</strong></p>
<p>Audience bit past central film each.</p>
```",Cervantes Ltd,Office Supplies,,discontinued,50x70 cm,Peru,983367163970,224
ultra-keyboard-compact-eco,Ultra Keyboard Compact Eco,"```html
<p><strong>Ultra Keyboard Compact Eco</strong></p>
<p>Bit responsibility cover him mean call civil.</p>
```",Pace-Hodges,Books & Stationery,,backorder,8x10 in,LightGray,8481605893389,514
portable-scale-speaker-powerbank-clean,Portable Scale Speaker Powerbank Clean,"```html
<p>Introducing the <strong>Portable Scale Speaker Powerbank</strong>, designed for your on-the-go lifestyle.</p>
<p>Features:</p>
<ul>
    <li>Compact and lightweight design</li>
    <li>High-quality sound output</li>
    <li>Built-in power bank for charging devices</li>
    <li>Durable and portable for travel</li>
</ul>
<p>Experience convenience and quality with our Portable Scale Speaker Powerbank.</p>
```",Morris LLC,Women's Clothing,,backorder,Small,PowderBlue,5175038823985,689
oven-speaker-fan,Oven Speaker Fan,"```html
<p><strong>Oven Speaker Fan</strong></p>
<p>Hot behavior traditional.</p>
```",Schwartz Ltd,Men's Clothing,,pre_order,Small,GoldenRod,2567562782853,489
automatic-speaker-router-lamp-prime,Automatic Speaker Router Lamp Prime,"```html
<p><strong>Automatic Speaker Router Lamp Prime</strong></p>
<p>Word score education thousand high treatment.</p>
```","Sexton, Dickerson and Blair",Grooming Tools,,in_stock,5x7 in,FireBrick,6744198567221,621
smart-webcam-projector-lock,Smart Webcam Projector Lock,"```html
<p><strong>Smart Webcam Projector Lock</strong></p>
<p>Subject agree you off.</p>
```",Stokes Inc,Men's Clothing,,in_stock,Medium,SteelBlue,4811928042234,440
fast-fan,Fast Fan,"```html
<p><strong>Fast Fan</strong></p>
<p>Avoid the very final food scene possible with our Fast Fan. This innovative product ensures your food stays fresh and delicious.</p>
<ul>
    <li>Quick and efficient cooling</li>
    <li>Compact design for easy storage</li>
    <li>Perfect for all types of food</li>
</ul>
```",Ali-Oliver,Cleaning Supplies,,backorder,100x200 mm,DarkOrchid,3388615003133,982
automatic-cooler-edge,Automatic Cooler Edge,"```html
<p><strong>Automatic Cooler Edge</strong></p>
<p>Experience the future of cooling with the Automatic Cooler Edge. This innovative product is designed to enhance your comfort and convenience.</p>
<ul>
    <li>Efficient cooling technology</li>
    <li>Easy to use and maintain</li>
    <li>Compact and portable design</li>
    <li>Energy-saving features</li>
</ul>
<p>Upgrade your cooling experience today!</p>
```","Odonnell, Boyle and Oconnor",Beauty & Personal Care,,pre_order,50x70 cm,LimeGreen,6261793125392,124
advanced-freezer-advanced-advanced,Advanced Freezer Advanced Advanced,"```html
<p><strong>Advanced Freezer Advanced Advanced</strong></p>
<p>Chance material himself soldier.</p>
```",Gill LLC,Office Supplies,,pre_order,S,Tomato,6474143371206,489
silent-trimmer-shaver-fast,Silent Trimmer Shaver Fast,"```html
<p><strong>Silent Trimmer Shaver Fast</strong></p>
<p>Experience a superior grooming experience with our Silent Trimmer Shaver Fast. Designed for efficiency and comfort, this trimmer ensures a smooth and quiet operation.</p>
<ul>
    <li>Quiet operation for a peaceful grooming experience</li>
    <li>Fast and efficient trimming</li>
    <li>Ergonomic design for comfortable handling</li>
    <li>Perfect for all hair types</li>
</ul>
```",Munoz Group,Smartphones,,in_stock,5x7 in,DarkSlateGray,4089415274929,130
treadmill,Treadmill,"```html
<p><strong>Treadmill</strong></p>
<p>Vote only run modern.</p>
```","Frost, Christensen and Burnett",Women's Clothing,,out_of_stock,5x7 in,Cyan,4598541150958,731
mini-charger-lock-oven-sense-sense,Mini Charger Lock Oven Sense Sense,"```html
<p><strong>Mini Charger Lock Oven Sense Sense</strong></p>
<p>Major tell him share allow.</p>
```","Burton, Gross and Giles",Haircare,,in_stock,12x18 in,Olive,9282813513019,750
thermostat-trimmer,Thermostat Trimmer,"```html
<p><strong>Thermostat Trimmer</strong></p>
<p>Drug interview hotel decide pattern.</p>
```","Hester, Love and Lynch","Accessories (Bags, Hats, Belts)",,discontinued,8x10 in,MidnightBlue,8282848236311,206
clean-iron-premium-air-wireless,Clean Iron Premium Air Wireless,"```html
<p><strong>Clean Iron Premium Air Wireless</strong></p>
<p>Around tough popular present sign herself pattern.</p>
```","Shepherd, Greene and House",Beauty & Personal Care,,out_of_stock,XXL,GhostWhite,7935749142557,293
compact-mouse-mouse-router-mini,Compact Mouse Mouse Router Mini,"```html
<p><strong>Compact Mouse Mouse Router Mini</strong></p>
<p>Occur miss son Democrat happy.</p>
```",Barry PLC,Smartwatches,,limited_stock,10x10 cm,PapayaWhip,252926529077,5
premium-lock-mini-advanced,Premium Lock Mini Advanced,"```html
<p><strong>Premium Lock Mini Advanced</strong></p>
<p>Three character traditional maybe.</p>
```","Elliott, Mcfarland and Duran",Automotive,,pre_order,XS,Plum,3997003361528,12
silent-webcam-webcam-treadmill-sense-portable-advanced,Silent Webcam Webcam Treadmill Sense Portable Advanced,"```html
<p><strong>Silent Webcam Treadmill Sense Portable Advanced</strong></p>
<p>This advanced treadmill features a silent webcam for a seamless workout experience.</p>
<ul>
    <li>Compact and portable design</li>
    <li>Advanced webcam technology</li>
    <li>Ideal for home or office use</li>
</ul>
```",George-Day,Makeup,,backorder,M,Aqua,6908065460286,148
compact-thermostat-oven,Compact Thermostat Oven,"```html
<p><strong>Compact Thermostat Oven</strong></p>
<p>Experience precise cooking with our Compact Thermostat Oven, designed for efficiency and convenience.</p>
<ul>
    <li>Compact design for easy storage</li>
    <li>Accurate temperature control</li>
    <li>Energy-efficient performance</li>
    <li>Ideal for small kitchens</li>
</ul>
```",Hull Inc,Home & Kitchen,,in_stock,30x40 cm,SaddleBrown,7695934105636,685
wireless-watch-tablet-printer-automatic-eco-sense,Wireless Watch Tablet Printer Automatic Eco Sense,"```html
<p><strong>Wireless Watch Tablet Printer Automatic Eco Sense</strong></p>
<p>Might poor animal must protect blue forward.</p>
```",Fleming Inc,Smartwatches,,out_of_stock,Large,Sienna,1089969929675,59
automatic-blender,Automatic Blender,"```html
<h1>Automatic Blender</h1>
<p>Smile human machine section bank.</p>
```",Mahoney-Bryan,Home Decor,,backorder,8x10 in,LightGoldenRodYellow,310774792552,630
rechargeable-webcam-dock-heater,Rechargeable Webcam Dock Heater,"```html
<p><strong>Rechargeable Webcam Dock Heater</strong></p>
<p>Stay warm and organized with our innovative Rechargeable Webcam Dock Heater. Perfect for your workspace, this heater combines functionality with modern design.</p>
<ul>
    <li>Rechargeable for convenience</li>
    <li>Compact design fits any workspace</li>
    <li>Provides warmth while you work</li>
    <li>Easy to use and maintain</li>
</ul>
```",Kennedy-Gordon,Cycling,,in_stock,XXL,Brown,1340784358003,800
clean-toaster-oven-air-touch,Clean Toaster Oven Air Touch,"```html
<p><strong>Clean Toaster Oven Air Touch</strong></p>
<p>Experience the perfect blend of style and functionality with our Clean Toaster Oven Air Touch. Crafted from high-quality materials, this toaster oven is designed to elevate your cooking experience.</p>
<ul>
    <li>Heavy-duty construction for durability</li>
    <li>Elegant design that complements any kitchen</li>
    <li>Easy-to-use touch controls for convenience</li>
</ul>
```",Olsen-Sawyer,Kids' Clothing,,pre_order,Medium,LimeGreen,7806787405877,365
brush,Brush,"```html
<p><strong>Brush</strong></p>
<p>Control daughter effect investment piece training nation.</p>
```","Lowe, Mosley and Rivera",Bedding & Bath,,in_stock,S,RoyalBlue,168419438521,273
portable-kettle,Portable Kettle,"```html
<p><strong>Portable Kettle</strong></p>
<p>Experience the convenience of our Portable Kettle, designed for on-the-go lifestyles. Perfect for travel, camping, or home use.</p>
<ul>
    <li>Compact and lightweight design</li>
    <li>Fast boiling time</li>
    <li>Durable and easy to clean</li>
    <li>Safety features included</li>
</ul>
<p>Enjoy hot beverages wherever you are!</p>
```",Sampson-Leon,Home & Kitchen,,pre_order,L,MediumAquaMarine,445370808496,50
rechargeable-brush-compact,Rechargeable Brush Compact,"```html
<p><strong>Rechargeable Brush Compact</strong></p>
<p>Experience the convenience of our Rechargeable Brush Compact, designed for modern lifestyles.</p>
<ul>
    <li>Compact and portable design</li>
    <li>Rechargeable for eco-friendly use</li>
    <li>Perfect for on-the-go touch-ups</li>
</ul>
```",Castro-Mccarty,Automotive,,out_of_stock,S,Sienna,6855062072649,748
fast-heater-cooker-compact-silent,Fast Heater Cooker Compact Silent,"```html
<p><strong>Fast Heater Cooker Compact Silent</strong></p>
<p>Strategy fund mind rather change.</p>
```","Decker, Montes and Logan",Makeup,,in_stock,8x10 in,Orchid,3868467036959,367
mini-drone-x-portable,Mini Drone X Portable,"```html
<p><strong>Mini Drone X Portable</strong></p>
<p>Experience the thrill of flight with the Mini Drone X Portable. This compact drone is designed for easy portability, making it perfect for on-the-go adventures.</p>
<ul>
    <li>Lightweight and compact design</li>
    <li>High-quality camera for stunning aerial photos</li>
    <li>Easy to control with a user-friendly interface</li>
    <li>Durable construction for long-lasting use</li>
    <li>Ideal for beginners and experienced pilots alike</li>
</ul>
```",Whitney Group,Books & Stationery,,backorder,Medium,BlueViolet,9437200314292,352
heater-keyboard,Heater Keyboard,"```html
<p><strong>Heater Keyboard</strong></p>
<p>Remember here kind enjoy source room reflect be.</p>
```",Brooks and Sons,Office Supplies,,backorder,Extra Large,Chocolate,5328785590239,103
wireless-fan-thermostat-max-automatic-max,Wireless Fan Thermostat Max Automatic Max,"```html
<p><strong>Wireless Fan Thermostat Max Automatic Max</strong></p>
<p>Designed specifically for college dorms and green spaces, this thermostat offers optimal temperature control for your environment.</p>
<ul>
    <li>Automatic temperature regulation</li>
    <li>Energy-efficient design</li>
    <li>Easy installation</li>
    <li>Compatible with various fan models</li>
</ul>
```",Kaiser-Banks,Books & Stationery,,in_stock,5x7 in,MidnightBlue,1396411470228,423
fast-keyboard,Fast Keyboard,"```html
<h1>Fast Keyboard</h1>
<p>Success other institutions fear.</p>
```",Lewis Ltd,Camping & Hiking,,limited_stock,50x70 cm,Cyan,3163238295239,998
ultra-mixer-toaster-toaster-smart,Ultra Mixer Toaster Toaster Smart,"```html
<p><strong>Ultra Mixer Toaster Smart</strong></p>
<p>Much guess have pattern southern true hair miss.</p>
```",Galloway and Sons,Women's Clothing,,pre_order,S,Tomato,4862330962177,342
silent-speakerphone-scanner-monitor,Silent Speakerphone Scanner Monitor,"```html
<p><strong>Silent Speakerphone Scanner Monitor</strong></p>
<p>Experience quality and efficiency with our Silent Speakerphone Scanner Monitor. Designed for professionals, this device enhances communication while maintaining a discreet presence.</p>
<ul>
    <li>High-quality audio performance</li>
    <li>Compact and sleek design</li>
    <li>Easy to use and set up</li>
    <li>Perfect for meetings and conference calls</li>
</ul>
```",Cowan Inc,Fragrances,,discontinued,XXL,Navy,1710131812265,593
silent-scanner-monitor-treadmill,Silent Scanner Monitor Treadmill,"```html
<p><strong>Silent Scanner Monitor Treadmill</strong></p>
<p>Experience a new level of fitness with the Silent Scanner Monitor Treadmill. Designed for convenience and performance, this treadmill is perfect for home workouts.</p>
<ul>
    <li>Quiet operation for a peaceful workout experience</li>
    <li>Advanced scanning monitor to track your progress</li>
    <li>Compact design suitable for any space</li>
    <li>Durable construction for long-lasting use</li>
</ul>
<p>Get started on your fitness journey today!</p>
```","Nichols, Howe and Miller",Health & Wellness,,pre_order,10x10 cm,Wheat,1287056757693,30
fast-vacuum-cooler,Fast Vacuum Cooler,"```html
<h1>Fast Vacuum Cooler</h1>
<p>The Fast Vacuum Cooler is designed to provide efficient cooling for your products. Here are six key features:</p>
<ul>
    <li><strong>Rapid Cooling:</strong> Quickly lowers the temperature of your items.</li>
    <li><strong>Energy Efficient:</strong> Uses less power compared to traditional cooling methods.</li>
    <li><strong>Compact Design:</strong> Fits easily into any workspace without taking up too much room.</li>
    <li><strong>Durable Construction:</strong> Built to last with high-quality materials.</li>
    <li><strong>User-Friendly Controls:</strong> Simple interface for easy operation.</li>
    <li><strong>Versatile Applications:</strong> Ideal for various industries, including food and pharmaceuticals.</li>
</ul>
```",Blair-Russell,Sports & Outdoors,,limited_stock,L,LightSalmon,4874329354658,307
digital-trimmer,Digital Trimmer,"```html
<p><strong>Digital Trimmer</strong></p>
<p>Experience precision and convenience with our Digital Trimmer. Perfect for achieving clean lines and a polished look.</p>
<ul>
    <li>High-quality design</li>
    <li>Easy to use</li>
    <li>Compact and portable</li>
</ul>
```",Christian-Tanner,Laptops & Computers,,pre_order,M,SteelBlue,4147810179628,541
automatic-trimmer-sense,Automatic Trimmer Sense,"```html
<p><strong>Automatic Trimmer Sense</strong></p>
<p>Much table ground information news senior.</p>
```",Harrington-Valentine,Kitchen Appliances,,in_stock,8x10 in,SlateGray,524638185,405
portable-scooter-wireless-digital,Portable Scooter Wireless Digital,"```html
<p><strong>Portable Scooter Wireless Digital</strong></p>
<p>Experience the convenience of our Portable Scooter Wireless Digital. This innovative product offers a range of features designed to enhance your mobility experience.</p>
<ul>
    <li>Lightweight and easy to carry</li>
    <li>Wireless connectivity for seamless operation</li>
    <li>Durable construction for long-lasting use</li>
    <li>Compact design for easy storage</li>
    <li>Ideal for both indoor and outdoor use</li>
</ul>
<p>Discover the freedom of movement with our Portable Scooter Wireless Digital.</p>
```",Bauer Inc,Cameras & Accessories,,in_stock,Large,DeepSkyBlue,4564280934296,519
fridge-cooker,Fridge Cooker,"```html
<p><strong>Fridge Cooker</strong></p>
<p>Try better loss pretty special.</p>
```",Jackson Group,Furniture,,in_stock,Small,Black,1861389468671,393
scanner,Scanner,"```html
<p><strong>Scanner</strong></p>
<p>Draw material quickly with the Scanner.</p>
```","Wang, Ayala and Bowen",Cleaning Supplies,,backorder,12x18 in,ForestGreen,7794860625802,472
ultra-radio-radio,Ultra Radio Radio,"```html
<p><strong>Ultra Radio Radio</strong></p>
<p>Shoulder red boy away if.</p>
```",Maldonado-Ritter,Haircare,,pre_order,12x18 in,Aquamarine,3611080124547,382
router,Router,"```html
<p><strong>Router</strong></p>
<p>Investment in your connectivity is essential. Our router offers reliable performance for all your internet needs.</p>
<ul>
    <li>High-speed internet access</li>
    <li>Easy setup and management</li>
    <li>Secure connection for all your devices</li>
</ul>
```",Atkinson Inc,Laptops & Computers,,limited_stock,8x10 in,Gainsboro,3330396409604,375
fast-thermostat-microphone-scooter,Fast Thermostat Microphone Scooter,"```html
<p><strong>Fast Thermostat Microphone Scooter</strong></p>
<p>Nature notice themselves news.</p>
```",Shea Ltd,Beauty & Personal Care,,backorder,Extra Large,White,9265397743935,289
eco-heater-toaster-stove-silent-sense,Eco Heater Toaster Stove Silent Sense,"```html
<p><strong>Eco Heater Toaster Stove Silent Sense</strong></p>
<p>Understand still or summer rule.</p>
```",West Ltd,Cleaning Supplies,,limited_stock,Small,OldLace,5505866454530,232
clean-blender-scale-lite,Clean Blender Scale Lite,"```html
<p><strong>Clean Blender Scale Lite</strong></p>
<p>Final art some push.</p>
```","Bell, Gamble and Barrett",Camping & Hiking,,limited_stock,5x7 in,Aquamarine,3893594435450,241
smart-lamp,Smart Lamp,"```html
<p><strong>Smart Lamp</strong></p>
<p>This innovative Smart Lamp is designed to enhance your living space with modern technology and style.</p>
<ul>
    <li>Energy-efficient LED lighting</li>
    <li>Adjustable brightness settings</li>
    <li>Smartphone compatibility for remote control</li>
    <li>Stylish design that fits any decor</li>
</ul>
```","Hebert, Hughes and Trujillo",Bedding & Bath,,limited_stock,Medium,Brown,8264263605712,71
