Handle,Title,Body (HTML),Vendor,Type,Tags,Published,Option1 Name,Option1 Value,Variant SKU,Variant Price,Image Src
discussion-loss-politics-free-one-thousand-,Discussion loss politics free one thousand.,<p><strong>Discussion loss politics free one thousand.</strong></p><p>Mueller Inc</p>,Shoes & Footwear,502,8x10,in_stock,https://picsum.photos/id/2/800/800.jpg in,https://picsum.photos/id/2/800/800.jpg in,5286196620740,USD,https://picsum.photos/id/2/800/800.jpg
,,<p><strong>Title:</strong> Your Product Title Here</p><p><strong>Description:</strong> This is a brief description of the product that highlights its key features and benefits. It provides potential customers with essential information to make an informed purchase decision.</p><ul><li>Feature 1: Description of feature 1.</li><li>Feature 2: Description of feature 2.</li><li>Feature 3: Description of feature 3.</li></ul>,,,,,,,,,
for-force-gas-energy-six-laugh-,For force gas energy six laugh.,<p><strong>For force gas energy six laugh.</strong></p><p>Gallagher and Sons</p>,Kitchen Appliances,121,L,31,discontinued,discontinued,3879177514583,USD,
feeling-back-religious-however-author-room-scientist-,Feeling back religious however author room scientist.,<p><strong>Feeling back religious however author room scientist.</strong></p><p>Irwin LLC</p>,Kids' Clothing,1,100x200 mm,10,discontinued,discontinued,9055773261265,USD,
,,<p><strong>Title:</strong> Your Product Title Here</p><p><strong>Description:</strong> This is a brief description of the product. It highlights the key features and benefits that make this product a must-have.</p><ul><li>Feature 1: Description of feature 1</li><li>Feature 2: Description of feature 2</li><li>Feature 3: Description of feature 3</li></ul><p>Experience the quality and performance of our product today!</p>,,,,,,,,,
,,<p><strong>Title:</strong> Your Product Title Here</p><p><strong>Description:</strong> Discover the amazing features of our product that will enhance your experience. This product is designed with quality and functionality in mind.</p><ul><li>Feature 1: Description of feature 1</li><li>Feature 2: Description of feature 2</li><li>Feature 3: Description of feature 3</li></ul><p>Order now and enjoy the benefits of our product!</p>,,,,,,,,,
deep-area-join-carry-age-,Deep area join carry age.,<p><strong>Deep area join carry age.</strong></p><p>Morrow and Sons</p>,Automotive,159,8x10 in,50,pre_order,pre_order,9883725074294,USD,
,,<p><strong>Title:</strong> Your Product Title Here</p><p><strong>Description:</strong> Discover the features and benefits of our product. It is designed to meet your needs and provide exceptional quality.</p><ul><li>Feature 1: Description of feature 1.</li><li>Feature 2: Description of feature 2.</li><li>Feature 3: Description of feature 3.</li></ul>,,,,,,,,,
,,<p><strong>Title:</strong> Your Product Title Here</p><p><strong>Description:</strong> This is a brief description of the product. It highlights the key features and benefits that make this product a must-have.</p><ul><li>Feature 1: Description of feature 1</li><li>Feature 2: Description of feature 2</li><li>Feature 3: Description of feature 3</li></ul>,,,,,,,,,
whole-bill-sound-whether-will-,Whole bill sound whether will.,<p><strong>Whole bill sound whether will.</strong></p><p>Russo-West</p>,Health & Wellness,257,Extra Large,30,pre_order,pre_order,9680811891595,USD,
various-above-trouble-itself-crime-form-,Various above trouble itself crime form.,<p><strong>Title:</strong> Various above trouble itself crime form.</p><p><strong>Description:</strong> Vazquez and Sons</p>,Cleaning Supplies,221,Medium,32,pre_order,pre_order,8567222480604,USD,
ten-do-evidence-billion-perhaps-read-bank-enter-,Ten do evidence billion perhaps read bank enter.,<p><strong>Title:</strong> Ten do evidence billion perhaps read bank enter.</p><p><strong>Description:</strong> Delgado-Blackwell</p>,Cycling,689,L,57,pre_order,pre_order,5686660235911,USD,
example-available-better-,Example available better.,<p><strong>Example available better.</strong></p><p>Contreras PLC</p>,Automotive,279,XXL,66,pre_order,pre_order,1941032767914,USD,
,,<p><strong>Title:</strong> Your Product Title Here</p><p><strong>Description:</strong> This is a brief description of your product. It highlights the key features and benefits that make this product a must-have for your customers.</p><ul><li>Feature 1: Description of feature 1</li><li>Feature 2: Description of feature 2</li><li>Feature 3: Description of feature 3</li></ul>,,,,,,,,,
,,<p><strong>Title:</strong> Your Product Title Here</p><p><strong>Description:</strong> This is a brief description of the product. It highlights the key features and benefits that make this product a must-have.</p><ul><li>Feature 1: Description of feature 1</li><li>Feature 2: Description of feature 2</li><li>Feature 3: Description of feature 3</li></ul>,,,,,,,,,
color-single-indeed-yard-event-popular-food-boy-,Color single indeed yard event popular food boy.,<p><strong>Color single indeed yard event popular food boy.</strong></p><p>Barker-Murphy</p>,Automotive,982,XL,79,out_of_stock,out_of_stock,7887280730963,USD,
accept-campaign-every-research-test-,Accept campaign every research test.,<p><strong>Accept campaign every research test.</strong></p><p>Vazquez-Smith</p>,Health & Wellness,3,10x10 cm,87,backorder,backorder,4170125892616,USD,
,,<p><strong>Title:</strong> Your Product Title Here</p><p><strong>Description:</strong> Discover the amazing features of our product. It is designed to meet your needs and provide exceptional quality. Here are some key highlights:</p><ul><li>Feature 1: Description of feature 1.</li><li>Feature 2: Description of feature 2.</li><li>Feature 3: Description of feature 3.</li></ul><p>Experience the difference with our product today!</p>,,,,,,,,,
fall-billion-city-share-,Fall billion city share.,<p><strong>Fall Billion City Share</strong></p><p>Bray LLC</p>,Smartphones,529,XS,22,backorder,backorder,0267078141619,USD,
reality-hair-explain-up-bad-,Reality hair explain up bad.,<p><strong>Title:</strong> Reality hair explain up bad.</p><p><strong>Description:</strong> Wang-Valenzuela</p>,Women's Clothing,197,L,96,in_stock,in_stock,0963840013930,USD,
deal-head-decade-age-outside-military-culture-,Deal head decade age outside military culture.,<p><strong>Deal head decade age outside military culture.</strong></p><p>Carney Ltd</p>,Bedding & Bath,677,M,90,out_of_stock,out_of_stock,3918763032312,USD,
,,<p><strong>Title:</strong> Your Product Title Here</p><p><strong>Description:</strong> This is a brief description of the product. It highlights the key features and benefits that make this product a must-have.</p><ul><li>Feature 1: Description of feature 1.</li><li>Feature 2: Description of feature 2.</li><li>Feature 3: Description of feature 3.</li></ul><p>Experience the quality and craftsmanship that sets this product apart from the rest.</p>,,,,,,,,,
,,<p><strong>Title:</strong> Your Product Title Here</p><p><strong>Description:</strong> Discover the features and benefits of our amazing product. It's designed to meet your needs and exceed your expectations. Enjoy quality and performance like never before.</p><ul><li>Feature 1: Description of feature 1.</li><li>Feature 2: Description of feature 2.</li><li>Feature 3: Description of feature 3.</li></ul>,,,,,,,,,
movement-you-mr-decide-history-effect-,Movement you Mr decide history effect.,<p><strong>Movement you Mr decide history effect.</strong></p><p>Horn-Pope</p>,Health & Wellness,900,5x7 in,47,out_of_stock,out_of_stock,6501687247749,USD,
from-congress-low-,From Congress low.,<p><strong>From Congress low</strong></p><p>Khan-Parrish</p>,Cycling,909,XXL,93,limited_stock,limited_stock,9496081864722,USD,
live-fish-audience-piece-his-ago-true-,Live fish audience piece his ago true.,<p><strong>Live fish audience piece his ago true.</strong></p><p>Burton PLC</p>,Automotive,350,XL,61,pre_order,pre_order,3486711401836,USD,
pull-at-improve-health-also-animal-forward-person-,Pull at improve health also animal forward person.,<p><strong>Pull at Improve Health Also Animal Forward Person</strong></p><p>Henry Group</p>,Clothing & Apparel,858,50x70 cm,43,limited_stock,limited_stock,7097613907430,USD,
other-another-must-explain-send-somebody-consider-,Other another must explain send somebody consider.,<p><strong>Title:</strong> Other another must explain send somebody consider.</p><p><strong>Description:</strong> Larson-Spence</p>,Furniture,985,Extra Large,40,in_stock,in_stock,8301096575048,USD,
my-head-prove-exist-change-,My head prove exist change.,<p><strong>My head prove exist change.</strong></p><p>Bonilla-Spears</p>,Kids' Clothing,576,L,40,pre_order,pre_order,6639325474032,USD,
region-week-yet-weight-,Region week yet weight.,<p><strong>Region week yet weight.</strong></p><p>Love LLC</p>,Sports & Outdoors,102,L,14,limited_stock,limited_stock,5564792899662,USD,
green-main-imagine-way-suffer-wall-,Green main imagine way suffer wall.,<p><strong>Title:</strong> Green main imagine way suffer wall.</p><p><strong>Description:</strong> Terry-Oliver</p>,Fragrances,283,S,84,pre_order,pre_order,9921752342730,USD,
,,<p><strong>Title:</strong> Your Product Title Here</p><p><strong>Description:</strong></p><p>Discover the features and benefits of our amazing product. It is designed to meet your needs and exceed your expectations.</p><ul><li>Feature 1: Description of feature 1.</li><li>Feature 2: Description of feature 2.</li><li>Feature 3: Description of feature 3.</li></ul><p>Experience quality and performance like never before!</p>,,,,,,,,,
record-response-relationship-,Record response relationship.,<p><strong>Record response relationship.</strong></p><p>Newman Ltd</p>,Kids' Clothing,407,8x10 in,65,out_of_stock,out_of_stock,2327483415120,USD,
,,<p><strong>Title:</strong> Your Product Title Here</p><p><strong>Description:</strong> Discover the features and benefits of our amazing product. It is designed to meet your needs and exceed your expectations.</p><ul><li>Feature 1: Description of feature 1.</li><li>Feature 2: Description of feature 2.</li><li>Feature 3: Description of feature 3.</li></ul><p>Experience the quality and performance that our product offers!</p>,,,,,,,,,
reality-kid-create-thought-window-,Reality kid create thought window.,<p><strong>Reality Kid Create Thought Window</strong></p><p>Marshall-Dougherty</p>,Women's Clothing,635,10x10 cm,74,backorder,backorder,7883295446066,USD,
garden-mother-before-ten-different-increase-,Garden mother before ten different increase.,<p><strong>Garden mother before ten different increase.</strong></p><p>Hays-Cunningham</p>,Smartphones,234,10x10 cm,48,backorder,backorder,7670612815694,USD,
do-customer-stage-act-send-,Do customer stage act send.,<p><strong>Do customer stage act send</strong></p><p>Barnes-Glass</p>,Kids' Clothing,640,5x7 in,96,discontinued,discontinued,2837107354495,USD,
north-meeting-short-summer-situation-positive-candidate-,North meeting short summer situation positive candidate.,<p><strong>North meeting short summer situation positive candidate.</strong></p><p>Meyers-Hess</p>,Sports & Outdoors,781,XL,69,out_of_stock,out_of_stock,8247903213713,USD,
bag-away-always-often-join-seat-direction-,Bag away always often join seat direction.,<p><strong>Title:</strong> Bag away always often join seat direction.</p><p><strong>Description:</strong> Williamson PLC</p>,Haircare,913,Small,77,discontinued,discontinued,5234087663802,USD,
,,<p><strong>Title:</strong> Your Product Title Here</p><p><strong>Description:</strong> This is a brief description of your product. It highlights the key features and benefits that make it a must-have item.</p><ul><li>Feature 1: Description of feature 1.</li><li>Feature 2: Description of feature 2.</li><li>Feature 3: Description of feature 3.</li></ul>,,,,,,,,,
,,<p><strong>Title:</strong> Your Product Title Here</p><p><strong>Description:</strong> This is a brief description of the product. It highlights the key features and benefits that make this product a must-have.</p><ul><li>Feature 1: Description of feature 1.</li><li>Feature 2: Description of feature 2.</li><li>Feature 3: Description of feature 3.</li></ul>,,,,,,,,,
,,<p><strong>Title:</strong> Your Product Title Here</p><p><strong>Description:</strong> This is a brief description of your product. It highlights the key features and benefits that make it a must-have for customers.</p><ul><li>Feature 1: Description of feature 1</li><li>Feature 2: Description of feature 2</li><li>Feature 3: Description of feature 3</li></ul>,,,,,,,,,
bit-name-seat-sea-,Bit name seat sea.,<p><strong>Bit name seat sea</strong></p><p>Werner PLC</p>,Health & Wellness,259,5x7 in,45,in_stock,in_stock,8611986118980,USD,
,,<p><strong>Title:</strong> Your Product Title Here</p><p><strong>Description:</strong> This is a brief description of your product. It highlights the key features and benefits that make it a must-have for customers.</p><ul><li>Feature 1: Description of feature 1.</li><li>Feature 2: Description of feature 2.</li><li>Feature 3: Description of feature 3.</li></ul>,,,,,,,,,
,,<p><strong>Title:</strong> Your Product Title Here</p><p><strong>Description:</strong> Discover the amazing features of our product that will enhance your experience. This product is designed with quality and functionality in mind.</p><ul><li>Feature 1: Description of feature 1</li><li>Feature 2: Description of feature 2</li><li>Feature 3: Description of feature 3</li></ul><p>Order now and enjoy the benefits of our exceptional product!</p>,,,,,,,,,
present-court-note-medical-bed-red-movie-,Present court note medical bed red movie.,<p><strong>Present court note medical bed red movie.</strong></p><p>Hanson-Schultz</p>,Camping & Hiking,599,Large,17,discontinued,discontinued,6854117854742,USD,
,,"<p><strong>Title:</strong> Your Product Title Here</p><p><strong>Description:</strong> Discover the amazing features of our product that will enhance your experience. With top-notch quality and innovative design, this product is perfect for anyone looking to elevate their lifestyle.</p><ul><li>Feature 1: Description of feature 1</li><li>Feature 2: Description of feature 2</li><li>Feature 3: Description of feature 3</li></ul><p>Order now and enjoy the benefits of our exceptional product!</p>",,,,,,,,,
through-choose-record-prove-happen-,Through choose record prove happen.,<p><strong>Through choose record prove happen.</strong></p><p>Barron-Little</p>,Office Supplies,511,XL,14,discontinued,discontinued,5461960384619,USD,
certainly-simple-light-safe-child-pm-candidate-,Certainly simple light safe child PM candidate.,<p><strong>Certainly simple light safe child PM candidate.</strong></p><p>Bonilla-Oconnell</p>,Fragrances,214,XXL,33,pre_order,pre_order,3625664059934,USD,
little-determine-at-huge-month-,Little determine at huge month.,<p><strong>Little determine at huge month.</strong></p><p>Decker and Sons</p>,Fitness Equipment,777,Extra Large,16,in_stock,in_stock,4894233116968,USD,
expect-question-how-sound-,Expect question how sound.,<p><strong>Expect question how sound.</strong></p><p>Mooney-Gonzales</p>,Fragrances,820,100x200 mm,19,in_stock,in_stock,8183922928019,USD,
,,<p><strong>Title:</strong> Your Product Title Here</p><p><strong>Description:</strong> This is a brief description of your product. It highlights the key features and benefits that make this product a must-have for customers.</p><ul><li>Feature 1: Description of feature 1.</li><li>Feature 2: Description of feature 2.</li><li>Feature 3: Description of feature 3.</li></ul>,,,,,,,,,
oil-guy-table-industry-hand-which-,Oil guy table industry hand which.,<p><strong>Oil Guy Table Industry Hand</strong></p><p>Singleton PLC</p>,Bedding & Bath,791,50x70 cm,64,in_stock,in_stock,3057639268476,USD,
small-approach-possible-choose-according-,Small approach possible choose according.,<p><strong>Small approach possible choose according.</strong></p><p>Rivas Group</p>,Cameras & Accessories,370,L,46,backorder,backorder,1974896712011,USD,
audience-bit-past-central-film-each-,Audience bit past central film each.,<p><strong>Title:</strong> Audience bit past central film each.</p><p><strong>Description:</strong> Cervantes Ltd</p>,Office Supplies,224,50x70 cm,56,discontinued,discontinued,0983367163970,USD,
bit-responsibility-cover-him-mean-call-civil-,Bit responsibility cover him mean call civil.,<p><strong>Bit Responsibility Cover Him Mean Call Civil</strong></p><p>Pace-Hodges</p>,Books & Stationery,514,8x10 in,19,backorder,backorder,8481605893389,USD,
throughout-special-new-you-view-season-within-,Throughout special new you view season within.,<p><strong>Title:</strong> Throughout special new you view season within.</p><p><strong>Description:</strong> Morris LLC</p>,Women's Clothing,689,Small,94,backorder,backorder,5175038823985,USD,
hot-behavior-traditional-,Hot behavior traditional.,<p><strong>Hot Behavior Traditional</strong></p><p>Schwartz Ltd</p>,Men's Clothing,489,Small,99,pre_order,pre_order,2567562782853,USD,
,,<p><strong>Title:</strong> Your Product Title Here</p><p><strong>Description:</strong> Discover the features and benefits of our amazing product. It is designed to meet your needs and enhance your experience. Here are some key highlights:</p><ul><li>High-quality materials</li><li>Innovative design</li><li>Easy to use</li><li>Affordable price</li></ul><p>Experience the difference with our product today!</p>,,,,,,,,,
subject-agree-you-off-,Subject agree you off.,<p><strong>Subject agree you off.</strong></p><p>Stokes Inc</p>,Men's Clothing,440,Medium,3,in_stock,in_stock,4811928042234,USD,
avoid-very-final-food-scene-possible-,Avoid very final food scene possible.,<p><strong>Avoid very final food scene possible.</strong></p><p>Ali-Oliver</p>,Cleaning Supplies,982,100x200 mm,70,backorder,backorder,3388615003133,USD,
,,<p><strong>Title:</strong> Your Product Title Here</p><p><strong>Description:</strong> This is a brief description of the product. It highlights the key features and benefits that make this product a must-have.</p><ul><li>Feature 1: Description of feature 1.</li><li>Feature 2: Description of feature 2.</li><li>Feature 3: Description of feature 3.</li></ul>,,,,,,,,,
chance-material-himself-soldier-,Chance material himself soldier.,<p><strong>Chance material himself soldier.</strong></p><p>Gill LLC</p>,Office Supplies,489,S,48,pre_order,pre_order,6474143371206,USD,
task-point-seat-better-,Task point seat better.,<p><strong>Task Point Seat Better</strong></p><p>Munoz Group</p>,Smartphones,130,5x7 in,76,in_stock,in_stock,4089415274929,USD,
,,<p><strong>Title:</strong> Your Product Title Here</p><p><strong>Description:</strong> Discover the features and benefits of our amazing product. It's designed to meet your needs and exceed your expectations. Here are some key highlights:</p><ul><li>High-quality materials</li><li>Innovative design</li><li>Easy to use</li><li>Durable and long-lasting</li></ul><p>Experience the difference with our product today!</p>,,,,,,,,,
,,<p><strong>Title:</strong> Your Product Title Here</p><p><strong>Description:</strong> This is a brief description of your product. It highlights the key features and benefits that make this product a must-have.</p><ul><li>Feature 1: Description of feature 1.</li><li>Feature 2: Description of feature 2.</li><li>Feature 3: Description of feature 3.</li></ul>,,,,,,,,,
,,<p><strong>Title:</strong> Your Product Title Here</p><p><strong>Description:</strong> This is a brief description of your product. It highlights the key features and benefits that make it a must-have for customers.</p><ul><li>Feature 1: Description of feature 1.</li><li>Feature 2: Description of feature 2.</li><li>Feature 3: Description of feature 3.</li></ul>,,,,,,,,,
,,<p><strong>Title:</strong> Your Product Title</p><p><strong>Description:</strong> This is a brief description of the product. It highlights the key features and benefits that make this product a must-have for customers.</p><ul><li>Feature 1: Description of feature 1.</li><li>Feature 2: Description of feature 2.</li><li>Feature 3: Description of feature 3.</li></ul>,,,,,,,,,
occur-miss-son-democrat-happy-,Occur miss son Democrat happy.,<p><strong>Occur miss son Democrat happy.</strong></p><p>Barry PLC</p>,Smartwatches,5,10x10 cm,79,limited_stock,limited_stock,0252926529077,USD,
,,<p><strong>Title:</strong> Your Product Title Here</p><p><strong>Description:</strong></p><p>Discover the features and benefits of our amazing product. It's designed to meet your needs and exceed your expectations.</p><ul><li>Feature 1: Description of feature 1</li><li>Feature 2: Description of feature 2</li><li>Feature 3: Description of feature 3</li></ul><p>Experience quality and performance like never before!</p>,,,,,,,,,
leg-my-mother-father-,Leg my mother father.,<p><strong>Leg my mother father.</strong></p><p>George-Day</p>,Makeup,148,M,29,backorder,backorder,6908065460286,USD,
focus-that-consumer-amount-half-,Focus that consumer amount half.,<p><strong>Focus that consumer amount half.</strong></p><p>Hull Inc</p>,Home & Kitchen,685,30x40 cm,36,in_stock,in_stock,7695934105636,USD,
might-poor-animal-must-protect-blue-forward-,Might poor animal must protect blue forward.,<p><strong>Might poor animal must protect blue forward.</strong></p><p>Fleming Inc</p>,Smartwatches,59,Large,31,out_of_stock,out_of_stock,1089969929675,USD,
smile-human-machine-section-bank-,Smile human machine section bank.,<p><strong>Smile Human Machine Section Bank</strong></p><p>Mahoney-Bryan</p>,Home Decor,630,8x10 in,4,backorder,backorder,0310774792552,USD,
organization-address-section-collection-church-gun-consumer-do-,Organization address section collection church gun consumer do.,<p><strong>Organization Address Section Collection Church Gun Consumer Do</strong></p><p>Kennedy-Gordon</p>,Cycling,800,XXL,66,in_stock,in_stock,1340784358003,USD,
heavy-threat-beautiful-material-assume-piece-,Heavy threat beautiful material assume piece.,<p><strong>Title:</strong> Heavy threat beautiful material assume piece.</p><p><strong>Description:</strong> Olsen-Sawyer</p>,Kids' Clothing,365,Medium,40,pre_order,pre_order,7806787405877,USD,
,,<p><strong>Title:</strong> Your Product Title Here</p><p><strong>Description:</strong> Discover the features and benefits of our amazing product. It is designed to meet your needs and exceed your expectations. Enjoy high-quality materials and exceptional performance.</p><ul><li>Feature 1: Description of feature 1.</li><li>Feature 2: Description of feature 2.</li><li>Feature 3: Description of feature 3.</li></ul>,,,,,,,,,
apply-out-industry-must-tell-,Apply out industry must tell.,<p><strong>Apply our industry must tell.</strong></p><p>Sampson-Leon</p>,Home & Kitchen,50,L,25,pre_order,pre_order,0445370808496,USD,
early-century-every-amount-than-past-,Early century every amount than past.,<p><strong>Early century every amount than past.</strong></p><p>Castro-Mccarty</p>,Automotive,748,S,81,out_of_stock,out_of_stock,6855062072649,USD,
,,<p><strong>Title:</strong> Your Product Title Here</p><p><strong>Description:</strong> Discover the amazing features of our product that make it a must-have for your collection. Here are some key highlights:</p><ul><li>Feature 1: Description of feature 1.</li><li>Feature 2: Description of feature 2.</li><li>Feature 3: Description of feature 3.</li></ul><p>Experience the quality and craftsmanship that sets our product apart. Order now and elevate your lifestyle!</p>,,,,,,,,,
shoulder-cost-especially-,Shoulder cost especially.,<p><strong>Shoulder cost especially.</strong></p><p>Whitney Group</p>,Books & Stationery,352,Medium,12,backorder,backorder,9437200314292,USD,
remember-here-kind-enjoy-source-room-reflect-be-,Remember here kind enjoy source room reflect be.,<p><strong>Title:</strong> Remember here kind enjoy source room reflect be.</p><p><strong>Description:</strong> Brooks and Sons</p>,Office Supplies,103,Extra Large,72,backorder,backorder,5328785590239,USD,
design-price-for-especially-section-college-over-green-,Design price for especially section college over green.,<p><strong>Design price for especially section college over green.</strong></p><p>Kaiser-Banks</p>,Books & Stationery,423,5x7 in,81,in_stock,in_stock,1396411470228,USD,
success-other-institution-fear-,Success other institution fear.,<p><strong>Success other institution fear.</strong></p><p>Lewis Ltd</p>,Camping & Hiking,998,50x70 cm,64,limited_stock,limited_stock,3163238295239,USD,
much-guess-have-pattern-southern-true-hair-miss-,Much guess have pattern southern true hair miss.,<p><strong>Much guess have pattern southern true hair miss.</strong></p><p>Galloway and Sons</p>,Women's Clothing,342,S,88,pre_order,pre_order,4862330962177,USD,
quality-yet-significant-lawyer-face-field-yet-realize-,Quality yet significant lawyer face field yet realize.,<p><strong>Quality yet significant lawyer face field yet realize.</strong></p><p>Cowan Inc</p>,Fragrances,593,XXL,20,discontinued,discontinued,1710131812265,USD,
,,<p><strong>Title:</strong> Your Product Title Here</p><p><strong>Description:</strong> This is a brief description of your product. It highlights the key features and benefits that make this product a must-have for customers.</p><ul><li>Feature 1: Description of feature 1.</li><li>Feature 2: Description of feature 2.</li><li>Feature 3: Description of feature 3.</li></ul>,,,,,,,,,
explain-six-firm-recent-rock-skin-,Explain six firm recent rock skin.,<p><strong>Explain six firm recent rock skin.</strong></p><p>Blair-Russell</p>,Sports & Outdoors,307,L,5,limited_stock,limited_stock,4874329354658,USD,
ago-floor-nice-member-wait-,Ago floor nice member wait.,<p><strong>Ago floor nice member wait.</strong></p><p>Christian-Tanner</p>,Laptops & Computers,541,M,31,pre_order,pre_order,4147810179628,USD,
much-table-ground-information-news-senior-,Much table ground information news senior.,<p><strong>Much table ground information news senior.</strong></p><p>Harrington-Valentine</p>,Kitchen Appliances,405,8x10 in,85,in_stock,in_stock,0000524638185,USD,
thousand-various-evidence-,Thousand various evidence.,<p><strong>Thousand various evidence.</strong></p><p>Bauer Inc</p>,Cameras & Accessories,519,Large,36,in_stock,in_stock,4564280934296,USD,
try-better-loss-pretty-special-,Try better loss pretty special.,<p><strong>Try better loss pretty special.</strong></p><p>Jackson Group</p>,Furniture,393,Small,80,in_stock,in_stock,1861389468671,USD,
,,<p><strong>Title:</strong></p><p>Description:</p><ul><li>High-quality materials</li><li>Durable and long-lasting</li><li>Available in multiple sizes</li><li>Easy to clean and maintain</li></ul>,,,,,,,,,
shoulder-red-boy-away-if-,Shoulder red boy away if.,<p><strong>Title:</strong> Shoulder red boy away if.</p><p><strong>Description:</strong> Maldonado-Ritter</p>,Haircare,382,12x18 in,48,pre_order,pre_order,3611080124547,USD,
investment-everything-story-buy-,Investment everything story buy.,<p><strong>Investment everything story buy.</strong></p><p>Atkinson Inc</p>,Laptops & Computers,375,8x10 in,55,limited_stock,limited_stock,3330396409604,USD,
nature-notice-themselves-news-,Nature notice themselves news.,<p><strong>Nature notice themselves news.</strong></p><p>Shea Ltd</p>,Beauty & Personal Care,289,Extra Large,25,backorder,backorder,9265397743935,USD,
understand-still-or-summer-rule-,Understand still or summer rule.,<p><strong>Understand Still or Summer Rule</strong></p><p>West Ltd</p>,Cleaning Supplies,232,Small,20,limited_stock,limited_stock,5505866454530,USD,
,,<p><strong>Title:</strong> Your Product Title Here</p><p><strong>Description:</strong> This is a brief description of the product. It highlights the key features and benefits that make this product a must-have.</p><ul><li>Feature 1: Description of feature 1.</li><li>Feature 2: Description of feature 2.</li><li>Feature 3: Description of feature 3.</li></ul>,,,,,,,,,
,,<p><strong>Title:</strong> Your Product Title Here</p><p><strong>Description:</strong> This is a brief description of your product. It highlights the key features and benefits that make this product a must-have.</p><ul><li>Feature 1: Description of feature 1.</li><li>Feature 2: Description of feature 2.</li><li>Feature 3: Description of feature 3.</li></ul>,,,,,,,,,
